,0
0,feature 0
1,feature 1
2,feature 2
3,feature 3
4,feature 4
5,feature 5
6,feature 6
7,feature 7
8,feature 8
9,feature 9
10,feature 10
11,feature 11
12,feature 12
13,feature 13
14,feature 14
15,feature 15
16,feature 16
17,feature 17
18,feature 18
19,feature 19
20,feature 20
21,feature 21
22,feature 22
23,feature 23
24,feature 24
25,feature 25
26,feature 26
27,feature 27
28,feature 28
29,feature 29
30,feature 30
31,feature 31
32,feature 32
33,feature 33
34,feature 34
35,feature 35
36,feature 36
37,feature 37
38,feature 38
39,feature 39
40,feature 40
41,feature 41
42,feature 42
43,feature 43
44,feature 44
45,feature 45
46,feature 46
47,feature 47
48,feature 48
49,feature 49
50,feature 50
51,feature 51
52,feature 52
53,feature 53
54,feature 54
55,feature 55
56,feature 56
57,feature 57
58,feature 58
59,feature 59
60,feature 60
61,feature 61
62,feature 62
63,feature 63
64,feature 64
65,feature 65
66,feature 66
67,feature 67
68,feature 68
69,feature 69
70,feature 70
71,feature 71
72,feature 72
73,feature 73
74,feature 74
75,feature 75
76,feature 76
77,feature 77
78,feature 78
79,feature 79
80,feature 80
81,feature 81
82,feature 82
83,feature 83
84,feature 84
85,feature 85
86,feature 86
87,feature 87
88,feature 88
89,feature 89
90,feature 90
91,feature 91
92,feature 92
93,feature 93
94,feature 94
95,feature 95
96,feature 96
97,feature 97
98,feature 98
99,feature 99
100,feature 100
101,feature 101
102,feature 102
103,feature 103
104,feature 104
105,feature 105
106,feature 106
107,feature 107
108,feature 108
109,feature 109
110,feature 110
111,feature 111
112,feature 112
113,feature 113
114,feature 114
115,feature 115
116,feature 116
117,feature 117
118,feature 118
119,feature 119
120,feature 120
121,feature 121
122,feature 122
123,feature 123
124,feature 124
125,feature 125
126,feature 126
127,feature 127
128,feature 128
129,feature 129
130,feature 130
131,feature 131
132,feature 132
133,feature 133
134,feature 134
135,feature 135
136,feature 136
137,feature 137
138,feature 138
